id,first_name,last_name,email,gender,city
1,Othelia,Dhillon,odhillon0@hexun.com,Female,Dorchester
2,Florella,Boich,fboich1@storify.com,Female,Rouen
3,Thorsten,Kochel,tkochel2@blogspot.com,Agender,Tsagaandörvölj
4,Christan,Marrable,cmarrable3@icq.com,Female,Nartkala
5,Rorke,Shalcros,rshalcros4@elegantthemes.com,Agender,Shengli
6,Shurlock,Rustedge,srustedge5@bing.com,Male,Paradela
7,Gerardo,Grollmann,ggrollmann6@fda.gov,Male,Wangqinzhuang
8,Humphrey,Caveill,hcaveill7@wiley.com,Male,Mokwa
9,Jaymee,Oliphard,joliphard8@ning.com,Female,Qiaoshi
10,Ford,Gunby,fgunby9@usgs.gov,Agender,Houxi
11,Florence,Jakeman,fjakemana@joomla.org,Female,Dajin
12,Hakeem,Gregon,hgregonb@youtube.com,Male,Trois-Rivières
13,Rosita,Danielot,rdanielotc@reference.com,Female,Przemków
14,Fraser,Fairhall,ffairhalld@gmpg.org,Male,Ambato Boeny
15,Sena,Mayow,smayowe@tamu.edu,Agender,Bagumbayan
16,Erich,Christie,echristief@timesonline.co.uk,Male,Atami
17,Wyatt,Beecham,wbeechamg@seesaa.net,Male,Mykolayiv
18,Drusilla,Edgeller,dedgellerh@feedburner.com,Female,Néa Pélla
19,Dorothea,MacScherie,dmacscheriei@yellowbook.com,Female,Santa Bárbara
20,Rosemarie,Holyland,rholylandj@wikia.com,Female,Sannikovo
21,Dominique,Moffat,dmoffatk@tripadvisor.com,Male,Conde
22,Yvor,Neads,yneadsl@senate.gov,Agender,Nanyaojie
23,Benjy,Handrock,bhandrockm@opera.com,Male,Jönköping
24,Winni,Truter,wtrutern@feedburner.com,Female,Tuchów
25,Rhona,Cottisford,rcottisfordo@samsung.com,Female,Dacheng
26,Ced,Mahaffey,cmahaffeyp@naver.com,Male,Dimbokro
27,Giulietta,McGall,gmcgallq@tumblr.com,Female,Avellaneda
28,Jeffie,Messruther,jmessrutherr@disqus.com,Male,Derzhavīnsk
29,Sayre,Lidgerton,slidgertons@engadget.com,Male,Ban Talat Yai
30,Phyllys,Stavers,pstaverst@free.fr,Female,Zernograd
31,Sheppard,Argont,sargontu@nhs.uk,Male,Baizhang
32,Adara,Andrioni,aandrioniv@psu.edu,Female,Arneiro
33,Valery,Coultish,vcoultishw@uiuc.edu,Female,Vila Franca das Naves
34,Gleda,Tokell,gtokellx@dedecms.com,Female,Davyd-Haradok
35,Kirk,Eccleston,kecclestony@mashable.com,Male,Beaumont
36,Alfonse,Beckles,abecklesz@cnet.com,Male,Vila do Maio
37,Evy,Gothup,egothup10@yale.edu,Female,Dobřív
38,Tamas,Madgewick,tmadgewick11@nps.gov,Male,Foúrnoi
39,Alric,Longbothom,alongbothom12@ameblo.jp,Male,Oštarije
40,Roxy,Kienl,rkienl13@macromedia.com,Female,Alberton
41,Ruby,Edgler,redgler14@tripod.com,Male,Petropavlivka
42,Frederique,Plom,fplom15@wordpress.org,Female,Strelitsa
43,Mella,Eastgate,meastgate16@gnu.org,Female,Boncong
44,Karilynn,Dolohunty,kdolohunty17@umn.edu,Female,Caldas Novas
45,Esther,Sevin,esevin18@storify.com,Female,Kronoby
46,Marylou,Chinnock,mchinnock19@jiathis.com,Female,Puerto Barrios
47,Marje,Mossom,mmossom1a@topsy.com,Female,Montijo
48,Jamesy,Geraldini,jgeraldini1b@google.pl,Male,Capela
49,Bert,Lecount,blecount1c@deliciousdays.com,Female,Barra de Carrasco
50,Ignacius,Hakking,ihakking1d@ca.gov,Polygender,Qārah
51,Spencer,Carville,scarville1e@topsy.com,Male,Raškovice
52,Cecil,Targetter,ctargetter1f@tripod.com,Female,Yinji
53,Issi,Norwood,inorwood1g@sitemeter.com,Female,Ogōri-shimogō
54,Alvy,Bratten,abratten1h@prnewswire.com,Male,Medellín
55,Barbee,Musker,bmusker1i@goodreads.com,Female,Chendian
56,Giavani,McPake,gmcpake1j@opensource.org,Male,Banakaja
57,Manolo,Fall,mfall1k@google.it,Male,Närpes
58,Noami,Euler,neuler1l@yahoo.co.jp,Female,Maguling
59,Lisetta,Golson,lgolson1m@ucoz.ru,Female,Yedogon
60,Gabriella,Bonass,gbonass1n@dagondesign.com,Non-binary,Orguz
61,Gennie,Littler,glittler1o@sakura.ne.jp,Female,Eling
62,Dasha,Elstub,delstub1p@adobe.com,Agender,Sinyavino
63,Torrence,Siemandl,tsiemandl1q@scribd.com,Male,Dubki
64,Sancho,Geertsen,sgeertsen1r@jigsy.com,Male,Jing’an
65,Orlando,Prettyjohns,oprettyjohns1s@merriam-webster.com,Male,Purorejo
66,Dud,Bartali,dbartali1t@cisco.com,Male,Polkowice
67,Maisey,Tinto,mtinto1u@ucoz.com,Female,Hongjiaguan
68,Bertrando,Broomhall,bbroomhall1v@gov.uk,Male,Cibunar
69,Dall,Lipsett,dlipsett1w@constantcontact.com,Male,Velyka Bahachka
70,Ronnica,Jefferd,rjefferd1x@ebay.co.uk,Female,Abelheira
71,Malissia,Emanuel,memanuel1y@sciencedaily.com,Female,Bošovice
72,Toddy,Venning,tvenning1z@state.tx.us,Male,Vicente Guerrero
73,Jorry,Addionisio,jaddionisio20@seesaa.net,Female,Limoges
74,Ruperta,Zieme,rzieme21@accuweather.com,Female,Frutillar
75,Amalia,Crosscombe,acrosscombe22@aol.com,Bigender,Bara Datu
76,Adan,Stallibrass,astallibrass23@abc.net.au,Female,La Ensenada
77,Nydia,Ghidoli,nghidoli24@stumbleupon.com,Female,Chapultepec
78,Adelle,Drewes,adrewes25@meetup.com,Female,Barra do Bugres
79,Mei,Edmead,medmead26@arstechnica.com,Female,Vellinge
80,Karl,Allridge,kallridge27@sun.com,Male,Nong Yai
81,Helli,Malkie,hmalkie28@twitter.com,Female,Normanton
82,Josy,Leathers,jleathers29@google.com.br,Female,Shatian
83,Joanie,Zarfati,jzarfati2a@google.de,Female,Évreux
84,Ario,Cheine,acheine2b@va.gov,Male,Kastav
85,Stefania,Kelby,skelby2c@yelp.com,Female,Rancamaya
86,Gerry,Rubes,grubes2d@uol.com.br,Female,Abū Tīj
87,Shirleen,Chaffey,schaffey2e@odnoklassniki.ru,Female,Metsovo
88,Lavina,McPhillips,lmcphillips2f@w3.org,Female,Télimélé
89,Mordy,Daniel,mdaniel2g@japanpost.jp,Male,Lefengzhen
90,Cristobal,Honsch,chonsch2h@themeforest.net,Male,Kungsör
91,Maudie,Greenham,mgreenham2i@woothemes.com,Female,Areguá
92,Sadye,Gergely,sgergely2j@mlb.com,Bigender,Bébédja
93,Puff,Hardage,phardage2k@dailymotion.com,Male,Fornos de Algodres
94,Renata,Vlach,rvlach2l@narod.ru,Female,Älvdalen
95,Cybil,Cutmare,ccutmare2m@pen.io,Female,Zhizhong
96,Dyanna,Russen,drussen2n@discovery.com,Female,Valdemarsvik
97,Tammara,Casin,tcasin2o@arstechnica.com,Female,Manicahan
98,Seana,Dignan,sdignan2p@goodreads.com,Female,Panjāb
99,Peterus,Wikey,pwikey2q@nydailynews.com,Male,Dolgoderevenskoye
100,Hermann,Brennenstuhl,hbrennenstuhl2r@cyberchimps.com,Male,Rayevskaya
101,Salomo,Pembery,spembery2s@un.org,Male,Massy
102,Justinn,Kemmish,jkemmish2t@forbes.com,Female,Beddeng
103,Elspeth,Peaker,epeaker2u@sourceforge.net,Female,Xiaxihao
104,Vanya,Cardno,vcardno2v@a8.net,Male,Mambulo
105,Devi,Hugnin,dhugnin2w@jigsy.com,Bigender,Yongyang
106,Linette,Turone,lturone2x@fotki.com,Female,Tartagal
107,Mauricio,Wight,mwight2y@printfriendly.com,Agender,Pelem
108,Jorgan,Asipenko,jasipenko2z@jigsy.com,Male,Nanyuki
109,Antons,Maciaszczyk,amaciaszczyk30@delicious.com,Male,Rude
110,Leese,Symons,lsymons31@blogger.com,Female,Jiaqiao
111,Alethea,MacElroy,amacelroy32@meetup.com,Female,Vitória do Mearim
112,Mill,Twentyman,mtwentyman33@macromedia.com,Male,Foúrnoi
113,Harper,Sproson,hsproson34@scribd.com,Male,Washington
114,Bernadina,Sodor,bsodor35@forbes.com,Female,Bełchatów
115,Mady,McCroary,mmccroary36@symantec.com,Female,Krasne
116,Maxie,Burkert,mburkert37@bravesites.com,Genderqueer,Sindangsari
117,Dorelle,Taleworth,dtaleworth38@jugem.jp,Female,Zhangjiafang
118,Anneliese,Fernehough,afernehough39@bravesites.com,Female,Timeng
119,Desdemona,Ridgley,dridgley3a@illinois.edu,Female,Gal’bshtadt
120,Ferdy,Aitkin,faitkin3b@microsoft.com,Male,Cukangpanjang
121,Arlina,McFarlane,amcfarlane3c@163.com,Female,Kapitanivka
122,Reube,Ambrosetti,rambrosetti3d@yolasite.com,Male,Santo Niño
123,Reynolds,Swithenby,rswithenby3e@skyrock.com,Male,Rybnaya Sloboda
124,Wanids,Skein,wskein3f@opera.com,Female,Pategi
125,Bailie,Dowden,bdowden3g@va.gov,Bigender,Đà Bắc
126,Bryn,Glennon,bglennon3h@parallels.com,Male,Magersari
127,Win,Bold,wbold3i@digg.com,Male,Longbo
128,Maurizio,Awcock,mawcock3j@mit.edu,Male,Santa Lucia
129,Noach,Dye,ndye3k@wiley.com,Male,Mhango
130,Maureene,Washtell,mwashtell3l@howstuffworks.com,Female,Khairpur Nathan Shāh
131,Britte,Allonby,ballonby3m@ed.gov,Female,Miribel
132,Franchot,Southworth,fsouthworth3n@google.it,Male,Qal‘at Bīshah
133,Lilllie,Patrone,lpatrone3o@wikipedia.org,Female,Parreira
134,Faydra,Greenig,fgreenig3p@fc2.com,Female,Xianyi
135,Alison,Iaduccelli,aiaduccelli3q@walmart.com,Female,Stockholm
136,Christal,Corbin,ccorbin3r@discuz.net,Female,Huangshi
137,Carol,Pheby,cpheby3s@com.com,Female,Krajan Battal
138,Grace,Gresty,ggresty3t@ovh.net,Female,Arevshat
139,Patricio,Spurdens,pspurdens3u@apache.org,Bigender,Agogo
140,Candis,Mabe,cmabe3v@symantec.com,Female,Częstochowa
141,Lester,Shoreman,lshoreman3w@merriam-webster.com,Male,Vidoši
142,Yovonnda,O'Dogherty,yodogherty3x@eepurl.com,Female,Ōyama
143,Dill,Denyukhin,ddenyukhin3y@technorati.com,Male,Lima Pampa
144,Rhona,Munro,rmunro3z@hugedomains.com,Female,Miyazu
145,Gerick,Muncer,gmuncer40@goodreads.com,Male,Paranaíba
146,Jacob,Pach,jpach41@smugmug.com,Male,Tongyangdao
147,Tobin,Bachmann,tbachmann42@ucoz.com,Male,Yeroẖam
148,Laverne,Staden,lstaden43@reddit.com,Female,Chaupimarca
149,Hailee,Glas,hglas44@unicef.org,Female,Blois
150,Pierre,Okker,pokker45@tinyurl.com,Male,Basarabeasca
151,Murray,Lawden,mlawden46@domainmarket.com,Male,Schellenberg
152,Lu,Gruszka,lgruszka47@hc360.com,Female,Yegorlykskaya
153,Hamlin,Bousler,hbousler48@abc.net.au,Male,Chumphon
154,Pandora,Snadden,psnadden49@seesaa.net,Female,Pochinki
155,Othello,Gartenfeld,ogartenfeld4a@ezinearticles.com,Male,Norrtälje
156,Ruddie,Ferfulle,rferfulle4b@bbc.co.uk,Male,Saint-Jean-de-Luz
157,Tucky,Trowbridge,ttrowbridge4c@123-reg.co.uk,Male,Alcanhões
158,Iormina,Shellibeer,ishellibeer4d@yahoo.co.jp,Female,Muff
159,Neale,Bowhey,nbowhey4e@wunderground.com,Male,Longquan
160,Rex,Hucklesby,rhucklesby4f@alexa.com,Male,Ar Ramthā
161,Letitia,Klosges,lklosges4g@weather.com,Female,Shuangmiao
162,Julie,Ricco,jricco4h@ebay.com,Male,Aomori Shi
163,Nathalie,Moodycliffe,nmoodycliffe4i@sourceforge.net,Female,Weihai
164,Jolyn,Jeayes,jjeayes4j@istockphoto.com,Female,Guanlu
165,Rafaela,Bellward,rbellward4k@php.net,Female,Swedru
166,Bobbie,Daveran,bdaveran4l@usgs.gov,Non-binary,Temanjang
167,Fifi,Trowel,ftrowel4m@soundcloud.com,Genderqueer,Chexi
168,Babette,Bosquet,bbosquet4n@sitemeter.com,Female,Ljungby
169,Dorette,Johnstone,djohnstone4o@usnews.com,Female,Garoua
170,Geri,Synnott,gsynnott4p@npr.org,Male,Michurinskoye
171,Moreen,Sidon,msidon4q@marketwatch.com,Female,Ciwaru
172,Averyl,Collcutt,acollcutt4r@answers.com,Female,Kaya
173,Aldin,Sprey,asprey4s@nationalgeographic.com,Polygender,Daru
174,Livvyy,Henden,lhenden4t@intel.com,Female,Qarah Ẕīā’ od Dīn
175,Darcy,Redbourn,dredbourn4u@prlog.org,Male,Itajuípe
176,Orbadiah,McGrill,omcgrill4v@mozilla.org,Male,München
177,Padraic,Judson,pjudson4w@indiegogo.com,Male,Shangcheng Chengguanzhen
178,Rayna,Jeeks,rjeeks4x@sitemeter.com,Female,Dawangzhuang
179,Karel,Corkill,kcorkill4y@sohu.com,Bigender,Căuşeni
180,Jud,Draayer,jdraayer4z@shutterfly.com,Male,Amherst
181,Helsa,Cumo,hcumo50@phoca.cz,Female,Vasyl'evsky Ostrov
182,Melanie,Kermitt,mkermitt51@desdev.cn,Female,Air Bangis
183,Normie,Libbie,nlibbie52@sun.com,Male,Nyachera
184,Ellene,Persicke,epersicke53@vimeo.com,Female,Sumberrejo
185,Toddy,Dorrian,tdorrian54@wordpress.com,Genderqueer,Nampicuan
186,Heindrick,Overpool,hoverpool55@umich.edu,Male,Mahaba
187,Rodrique,Kinavan,rkinavan56@aol.com,Male,Pagsabangan
188,Durand,Abramovici,dabramovici57@accuweather.com,Male,Gifu-shi
189,Chickie,Checcuzzi,ccheccuzzi58@boston.com,Female,Saint-Pierre
190,Lucius,Cary,lcary59@japanpost.jp,Male,Nancheng
191,Park,Fleckno,pfleckno5a@livejournal.com,Male,Dengfeng
192,Micky,Melmar,mmelmar5b@nbcnews.com,Female,Turośń Kościelna
193,Dex,Cloughton,dcloughton5c@is.gd,Male,Krasnyy Yar
194,Kylie,Kloisner,kkloisner5d@newsvine.com,Male,Maulavi Bāzār
195,Lincoln,Paolozzi,lpaolozzi5e@diigo.com,Male,Vargem Grande Paulista
196,Reinald,Hubbert,rhubbert5f@yelp.com,Male,Sumisip
197,Barret,Minor,bminor5g@buzzfeed.com,Male,Walichnowy
198,Saul,Besant,sbesant5h@home.pl,Male,Vogar
199,Ole,Sellner,osellner5i@geocities.com,Male,Tarbes
200,Adelaide,Baughan,abaughan5j@comcast.net,Female,Angeghakot’
201,Gardie,Goodwin,ggoodwin5k@booking.com,Male,Lastoursville
202,Mellisent,McLauchlin,mmclauchlin5l@utexas.edu,Female,Ragay
203,Cassandra,Grelak,cgrelak5m@nifty.com,Female,Sere
204,Alonso,Krolik,akrolik5n@admin.ch,Male,Paojan
205,Poul,Gresswood,pgresswood5o@gov.uk,Male,Georgīevka
206,Bobbie,Deboick,bdeboick5p@lulu.com,Male,Santiago
207,Margery,Kingdom,mkingdom5q@bravesites.com,Non-binary,Bang Sao Thong
208,Essie,Walkowski,ewalkowski5r@icio.us,Female,Totoras
209,Hasheem,Raper,hraper5s@youtube.com,Male,Bechlín
210,Herminia,Matts,hmatts5t@live.com,Female,Eystur
211,Maurene,Gabbat,mgabbat5u@apple.com,Female,Nanjie
212,Doe,Baldrick,dbaldrick5v@google.it,Female,Muldersdriseloop
213,Kassandra,Gong,kgong5w@e-recht24.de,Bigender,Pringgabaya
214,Alayne,Maxted,amaxted5x@nydailynews.com,Female,Santa Cruz
215,Tomasine,Ruttgers,truttgers5y@irs.gov,Female,Andou
216,Dahlia,Isted,disted5z@epa.gov,Female,Ladoeiro
217,Karita,Yellowlee,kyellowlee60@vk.com,Female,Nehe
218,Leonelle,Castlake,lcastlake61@ox.ac.uk,Female,Caherconlish
219,Salome,Pelz,spelz62@go.com,Female,Siguiri
220,Ailsun,Falcus,afalcus63@dell.com,Female,Gachancipá
221,Emalee,Cough,ecough64@blog.com,Female,Shinjō
222,Les,Ballard,lballard65@opensource.org,Male,Wulongshan
223,Eartha,Senior,esenior66@cargocollective.com,Female,Madang
224,Lexie,Kirsche,lkirsche67@senate.gov,Female,Rattanawapi
225,Pattie,Degli Antoni,pdegliantoni68@ed.gov,Female,Legaspi
226,Fraze,Van Halle,fvanhalle69@comsenz.com,Male,Ulricehamn
227,Ian,Curran,icurran6a@issuu.com,Male,Thị Trấn Mỹ Lộc
228,Warren,Hallows,whallows6b@yahoo.co.jp,Male,Veverská Bítýška
229,Althea,Glen,aglen6c@walmart.com,Female,Praia da Barra
230,Wandie,Kinnerk,wkinnerk6d@narod.ru,Female,Vila Pouca da Beira
231,Mariann,Devlin,mdevlin6e@youku.com,Female,Palmerston North
232,Frants,Burchall,fburchall6f@washingtonpost.com,Bigender,Vareš
233,Timothee,Dorbon,tdorbon6g@sitemeter.com,Male,Shangping
234,Mildrid,Alibone,malibone6h@hud.gov,Female,Misungwi
235,Roxanne,Nerney,rnerney6i@gov.uk,Female,Aileu
236,Shirlene,Eales,seales6j@godaddy.com,Non-binary,Buenavista
237,Malina,McComb,mmccomb6k@creativecommons.org,Female,San Borja
238,Gwendolen,Detheridge,gdetheridge6l@gov.uk,Female,Wobulenzi
239,Brigitte,Killner,bkillner6m@infoseek.co.jp,Female,Alakak
240,Danice,Davydzenko,ddavydzenko6n@pinterest.com,Female,Taishihe
241,Bradford,Minett,bminett6o@gravatar.com,Male,Неготино
242,Cliff,Gayle,cgayle6p@goo.gl,Genderqueer,Magsaysay
243,Chryste,Vater,cvater6q@telegraph.co.uk,Female,Kumla
244,Tomasina,Hendrichs,thendrichs6r@wp.com,Female,Belén
245,Raymond,Wiffield,rwiffield6s@mozilla.com,Male,El Tabo
246,Lorin,Yashanov,lyashanov6t@istockphoto.com,Male,Suhe
247,Ileana,McMorran,imcmorran6u@gravatar.com,Female,Totness
248,Orren,Poli,opoli6v@simplemachines.org,Male,Åkersberga
249,Garreth,Statham,gstatham6w@cbc.ca,Male,Ji’an
250,Augustine,Franzman,afranzman6x@51.la,Female,Kragujevac
251,Lorine,Fellow,lfellow6y@ow.ly,Female,San Rafael
252,Fin,Lobe,flobe6z@state.gov,Male,Sūq ar Rabū‘
253,Humbert,Brann,hbrann70@sitemeter.com,Bigender,Kvasy
254,Morgen,Eddy,meddy71@tuttocitta.it,Female,Inkerman
255,Nessa,Pischoff,npischoff72@w3.org,Female,Aoluguya Ewenke Minzu
256,Tobye,Russan,trussan73@msn.com,Female,San Jose
257,Astrix,Rooksby,arooksby74@tinyurl.com,Female,Gamawa
258,Mayor,Clackers,mclackers75@delicious.com,Male,Monastyryshche
259,Osgood,Barreau,obarreau76@noaa.gov,Male,Manlio Fabio Altamirano
260,Zena,Bolden,zbolden77@theatlantic.com,Female,Bonthe
261,Warner,Impleton,wimpleton78@fema.gov,Male,Aliuroba
262,Alwyn,Ruberry,aruberry79@360.cn,Male,Qiuchuan
263,Odessa,Doust,odoust7a@hc360.com,Female,La Virgen
264,Trumaine,Lafford,tlafford7b@dyndns.org,Male,Gyumri
265,Flory,Hurrell,fhurrell7c@privacy.gov.au,Female,Freiburg im Breisgau
266,Rhody,Itzkovsky,ritzkovsky7d@hugedomains.com,Female,Tarkastad
267,Velma,Gepheart,vgepheart7e@irs.gov,Female,La Rioja
268,Alfy,Doleman,adoleman7f@dailymail.co.uk,Male,Xike
269,Abbey,Shewon,ashewon7g@cisco.com,Female,Urukh
270,Anallise,Wiggett,awiggett7h@ebay.co.uk,Female,Wadeng
271,Mathew,Gaukrodge,mgaukrodge7i@bandcamp.com,Genderqueer,Bacungan
272,Udale,Grigg,ugrigg7j@angelfire.com,Male,Lewograran
273,Blondell,Emm,bemm7k@yelp.com,Female,Woniuhe
274,Gaven,Canon,gcanon7l@dagondesign.com,Male,Santo António das Areias
275,Clarice,Crosi,ccrosi7m@smugmug.com,Genderfluid,Royan
276,Angelita,Larmet,alarmet7n@hatena.ne.jp,Female,Uubulan
277,Jesselyn,Woolvin,jwoolvin7o@tinypic.com,Bigender,København
278,Packston,Elwyn,pelwyn7p@uiuc.edu,Male,Jocotán
279,Vassili,Barense,vbarense7q@joomla.org,Polygender,Ribeira Grande
280,Fabiano,Olivas,folivas7r@bravesites.com,Male,Banī Suhaylā
281,Quint,Kinnaird,qkinnaird7s@digg.com,Male,Kunjāh
282,Francine,Yanov,fyanov7t@dot.gov,Female,Ukhta
283,Charles,Strachan,cstrachan7u@histats.com,Male,Nyalindung
284,Ellis,Echelle,eechelle7v@jiathis.com,Male,Cela
285,Flinn,Scampion,fscampion7w@hexun.com,Male,Guojiaba
286,Thom,McCloughlin,tmccloughlin7x@dailymail.co.uk,Male,Erenhot
287,Indira,Brunesco,ibrunesco7y@adobe.com,Female,Nizami
288,Joey,Kevern,jkevern7z@flickr.com,Male,Warung Wetan
289,Laraine,Casserly,lcasserly80@wunderground.com,Female,Itacorubi
290,Birdie,Boarer,bboarer81@microsoft.com,Female,Klau
291,Kelsi,Tennet,ktennet82@surveymonkey.com,Female,Horrom
292,Jarid,Henri,jhenri83@comsenz.com,Male,Huacheng
293,Bruno,Hanbury-Brown,bhanburybrown84@storify.com,Male,Pamupukan
294,Rosalinda,Cowx,rcowx85@theatlantic.com,Female,Nizhnyaya Maktama
295,Siffre,Pow,spow86@diigo.com,Male,Leopoldina
296,Danni,Raye,draye87@woothemes.com,Female,Muara
297,Joellen,Rabbitt,jrabbitt88@linkedin.com,Female,Tococ East
298,Fowler,Jeffree,fjeffree89@cam.ac.uk,Male,Petaling Jaya
299,Bessy,Mortlock,bmortlock8a@yolasite.com,Female,Lilla Edet
300,Logan,McIndoe,lmcindoe8b@fda.gov,Male,Zhuli
301,Read,Ysson,rysson8c@phpbb.com,Male,Nandu
302,Woody,Tape,wtape8d@wsj.com,Male,Xiniqi
303,Nappie,Purslow,npurslow8e@i2i.jp,Genderfluid,Ramada
304,Sadie,Happer,shapper8f@bluehost.com,Female,Muang Sam Sip
305,Harman,I'anson,hianson8g@kickstarter.com,Male,Stuttgart
306,Torr,Sprigg,tsprigg8h@so-net.ne.jp,Male,Tulyushka
307,Welbie,Gajewski,wgajewski8i@stanford.edu,Male,Huangbizhuang
308,Ive,Josskowitz,ijosskowitz8j@list-manage.com,Male,Shuangfeng
309,Marylee,Chazier,mchazier8k@weather.com,Female,Archángelos
310,Revkah,Mc Pake,rmcpake8l@va.gov,Female,Cachan
311,Gill,Spoors,gspoors8m@creativecommons.org,Male,Kamyshevka Vtoraya
312,Normie,Kelleway,nkelleway8n@wp.com,Male,Hezhang
313,Petronia,Giovannazzi,pgiovannazzi8o@npr.org,Female,Belajen
314,Ralf,Astridge,rastridge8p@yellowbook.com,Agender,Baruny
315,Barth,Michell,bmichell8q@w3.org,Male,Duszniki-Zdrój
316,Cob,Titman,ctitman8r@washington.edu,Male,Kalisari
317,Janaye,Pinnere,jpinnere8s@fastcompany.com,Female,Cheb
318,Nanice,Lyddyard,nlyddyard8t@scientificamerican.com,Female,Lonya Chico
319,Hal,Cardenoza,hcardenoza8u@icio.us,Male,Kropotkin
320,Gerianne,Rubinek,grubinek8v@lycos.com,Female,Panitan
321,Rudolph,McNeigh,rmcneigh8w@nifty.com,Male,Kaiapoi
322,Steffi,Strain,sstrain8x@free.fr,Female,Oyem
323,Cal,Brosini,cbrosini8y@businesswire.com,Female,Longwei
324,Catha,Abella,cabella8z@etsy.com,Female,Tuodian
325,Rey,Rosie,rrosie90@meetup.com,Male,Mpongwe
326,Arlena,Larner,alarner91@cnbc.com,Female,Paris 09
327,Rosanna,Harkin,rharkin92@pagesperso-orange.fr,Female,New York City
328,Dorree,Euston,deuston93@geocities.jp,Female,Afogados da Ingazeira
329,Adrianne,Juniper,ajuniper94@bloglines.com,Genderfluid,Grujugan
330,Evy,McShee,emcshee95@imdb.com,Female,Jaša Tomić
331,Rebbecca,Rothchild,rrothchild96@businessweek.com,Female,Vale de São Cosme
332,Maddie,Oake,moake97@hatena.ne.jp,Male,Beigang
333,Jeanelle,Redfearn,jredfearn98@chron.com,Female,Szczurowa
334,Lisha,Dooley,ldooley99@opensource.org,Female,Yandun
335,Stacy,Aguirrezabal,saguirrezabal9a@phpbb.com,Female,Wuyang
336,D'arcy,Weth,dweth9b@nasa.gov,Male,Niugan
337,Bonita,Cabrales,bcabrales9c@blog.com,Female,Bununu Dass
338,Lian,Flippen,lflippen9d@biblegateway.com,Female,Maimará
339,Casie,Oleksinski,coleksinski9e@nhs.uk,Female,Torino
340,Shelba,Polley,spolley9f@addtoany.com,Female,Tarrafal de São Nicolau
341,Serena,de Verson,sdeverson9g@spiegel.de,Female,Catanduva
342,Mac,Blemen,mblemen9h@marriott.com,Male,Taibao
343,Catharine,Pruckner,cpruckner9i@wordpress.com,Polygender,Boucinhas
344,Boone,Imore,bimore9j@prweb.com,Male,Heshang
345,Hew,Maneylaws,hmaneylaws9k@xinhuanet.com,Male,Palhoça
346,Patrizia,Behning,pbehning9l@ebay.com,Female,Genteng
347,Scottie,Charlo,scharlo9m@soup.io,Male,Formosa do Rio Preto
348,Sonia,De Marchi,sdemarchi9n@china.com.cn,Female,Alebtong
349,Justin,Lamcken,jlamcken9o@quantcast.com,Male,Koźmin Wielkopolski
350,Shirlene,Iles,siles9p@sohu.com,Female,Irtyshskiy
351,Wilton,Picton,wpicton9q@dailymail.co.uk,Male,Cawayan
352,Liliane,Dracey,ldracey9r@feedburner.com,Female,Oekero
353,Berny,Mailes,bmailes9s@xinhuanet.com,Male,Mubi
354,Inna,Strutton,istrutton9t@dmoz.org,Female,Fonte Boa dos Nabos
355,Carlyn,Gasson,cgasson9u@networkadvertising.org,Female,Seattle
356,Koressa,Scarbarrow,kscarbarrow9v@opera.com,Female,Imbang
357,Nataline,Lote,nlote9w@mozilla.com,Agender,Nowa Dęba
358,Jedediah,McWaters,jmcwaters9x@baidu.com,Male,Bulacnin
359,Gabriello,Jankowski,gjankowski9y@gmpg.org,Male,Kuleqi
360,Regine,Marvin,rmarvin9z@opensource.org,Female,Yaguaraparo
361,Gigi,De Few,gdefewa0@hhs.gov,Bigender,Ar Rābiyah
362,Norah,Shipley,nshipleya1@ustream.tv,Female,Dzhayrakh
363,Bengt,De Beneditti,bdebenedittia2@devhub.com,Male,Datartua
364,Grete,Echalier,gechaliera3@bloomberg.com,Female,Mweka
365,Karlene,Piatek,kpiateka4@reference.com,Agender,Liuhao
366,Rosaleen,Peake,rpeakea5@tinyurl.com,Bigender,Saint-Brieuc
367,Brent,Waistall,bwaistalla6@bloglovin.com,Male,Chitose
368,Massimo,Fuxman,mfuxmana7@etsy.com,Male,Pointe-à-Pitre
369,Claudius,Kolushev,ckolusheva8@uol.com.br,Male,Ertai
370,Hartwell,Pleace,hpleacea9@youtube.com,Male,Kil’mez’
371,Felike,Spiaggia,fspiaggiaaa@4shared.com,Male,Karlskoga
372,Tam,MacGray,tmacgrayab@va.gov,Male,Lewobelek
373,Jessalin,Treasaden,jtreasadenac@redcross.org,Female,La Palma
374,Odelle,Decourt,odecourtad@jimdo.com,Female,Kebonsari
375,Patton,Caesman,pcaesmanae@netlog.com,Male,Gibbons
376,Hannie,Ogan,hoganaf@dyndns.org,Female,Yayao
377,Hughie,Dick,hdickag@nasa.gov,Male,Xinxu
378,Carly,Gindghill,cgindghillah@over-blog.com,Male,Lushan
379,Joella,Brownlie,jbrownlieai@hostgator.com,Female,Kumai
380,Harmonie,Madeley,hmadeleyaj@4shared.com,Female,Shuishi
381,Tawnya,Willett,twillettak@webnode.com,Female,Svojat
382,Pearline,Dinsdale,pdinsdaleal@list-manage.com,Female,Longkou
383,Erick,Akester,eakesteram@furl.net,Male,Shahrisabz Shahri
384,Ronny,Strangward,rstrangwardan@home.pl,Female,Hamamatsu
385,Floris,Durling,fdurlingao@prnewswire.com,Female,Syrskoye
386,Stewart,Destouche,sdestoucheap@ucoz.com,Male,Presidente Dutra
387,Flora,Orchart,forchartaq@state.gov,Female,Klavdiyevo-Tarasove
388,Lucais,Pepye,lpepyear@washington.edu,Male,Chagou
389,Emmye,Griffe,egriffeas@illinois.edu,Genderqueer,Aytos
390,Theodore,Mc Ilory,tmciloryat@youtu.be,Male,El Obeid
391,Arnold,Muncer,amuncerau@istockphoto.com,Bigender,Dukou
392,Chickie,Ahrenius,cahreniusav@foxnews.com,Male,Basqal
393,Jacquenette,Norcop,jnorcopaw@123-reg.co.uk,Female,Huilong
394,Flynn,McGilroy,fmcgilroyax@columbia.edu,Male,Mahīn
395,Nahum,Wipfler,nwipfleray@uol.com.br,Male,Santo Rosario
396,Brnaba,Denisyev,bdenisyevaz@marketwatch.com,Male,Strel'na
397,Shae,Mullany,smullanyb0@last.fm,Female,Kaputian
398,Mick,Glennard,mglennardb1@nytimes.com,Male,Nanjiao
399,Almire,Grishakov,agrishakovb2@tripadvisor.com,Female,Ksawerów
400,Sibbie,Jurgenson,sjurgensonb3@samsung.com,Female,Colmar
401,Way,Swanne,wswanneb4@phoca.cz,Male,Norrköping
402,Boonie,Kisting,bkistingb5@hubpages.com,Male,Jinshan
403,Birk,MacCulloch,bmaccullochb6@alexa.com,Male,Tuhe
404,Pearline,Egell,pegellb7@chron.com,Female,Sampungu
405,Francene,Zorer,fzorerb8@smh.com.au,Female,Muzidian
406,Katya,Benford,kbenfordb9@amazonaws.com,Female,Sukosari
407,Gipsy,Brookesbie,gbrookesbieba@posterous.com,Female,Lupon
408,Gerhard,Lightbourn,glightbournbb@gmpg.org,Male,Castelo
409,Lorne,Kiezler,lkiezlerbc@networksolutions.com,Female,Byera Village
410,Nesta,Bedle,nbedlebd@deliciousdays.com,Female,Jiangduo
411,Melinde,Gaddas,mgaddasbe@eepurl.com,Female,Samanggen
412,Killian,Lawrenz,klawrenzbf@list-manage.com,Male,Thị Trấn Ngải Giao
413,Constancia,Weth,cwethbg@baidu.com,Female,Santa Quitéria do Maranhão
414,Riannon,Saipy,rsaipybh@jalbum.net,Female,Jinyuan
415,Ado,Seymer,aseymerbi@example.com,Male,Paujiles
416,Munmro,Bear,mbearbj@lycos.com,Male,Malambo
417,Hendrick,Benn,hbennbk@geocities.com,Male,Bayan Hure
418,Paulette,Iglesia,piglesiabl@auda.org.au,Female,Laascaanood
419,Milton,Scryne,mscrynebm@topsy.com,Male,Kuala Bhee
420,Sophia,Oddy,soddybn@telegraph.co.uk,Female,Pilot Butte
421,Gates,Squelch,gsquelchbo@nymag.com,Female,Ban Takhun
422,Nicky,Beachamp,nbeachampbp@lycos.com,Male,Deneysville
423,Francklin,Keitley,fkeitleybq@japanpost.jp,Male,Timashëvsk
424,Jacqui,Gainsbury,jgainsburybr@booking.com,Female,Tuopu Luke
425,Tulley,Whittet,twhittetbs@ebay.com,Male,Kafr Kannā
426,Baxie,Wassung,bwassungbt@hostgator.com,Male,Erandique
427,Kellie,Stokoe,kstokoebu@devhub.com,Female,Mataraben
428,Brendan,Keene,bkeenebv@bigcartel.com,Non-binary,El Carmen
429,Jethro,Beurich,jbeurichbw@studiopress.com,Male,Tongxing
430,Chrissie,Revelle,crevellebx@ifeng.com,Bigender,Zaraysk
431,Gwendolin,Loftus,gloftusby@rambler.ru,Female,Tongliao
432,Jules,Adamski,jadamskibz@mashable.com,Male,Sölvesborg
433,Gina,Garces,ggarcesc0@typepad.com,Agender,Alak
434,Lynnett,Ranyell,lranyellc1@ucsd.edu,Female,Hopetown
435,Chet,Congram,ccongramc2@imgur.com,Male,Minanga Norte
436,Cody,Asplin,casplinc3@netscape.com,Female,Lagnieu
437,Elise,Keller,ekellerc4@nsw.gov.au,Female,Yushang
438,Avivah,Reiling,areilingc5@irs.gov,Female,Daliyuan
439,Loralyn,Tolumello,ltolumelloc6@cocolog-nifty.com,Female,Logroño
440,Sharia,Arnauduc,sarnauducc7@yellowpages.com,Female,São Domingos
441,Renee,Provest,rprovestc8@gizmodo.com,Female,Taibai
442,Rori,Ebden,rebdenc9@reuters.com,Bigender,Ciherang
443,Grange,Forkan,gforkanca@flavors.me,Male,Eldama Ravine
444,Mart,Gershom,mgershomcb@jimdo.com,Male,Berlin
445,Emlen,Scattergood,escattergoodcc@google.co.uk,Male,Diawara
446,Alecia,Glanester,aglanestercd@ca.gov,Female,Dallas
447,Lukas,Assard,lassardce@yandex.ru,Male,San Juan Sacatepéquez
448,Juditha,Willgoss,jwillgosscf@nsw.gov.au,Bigender,Krasnotorka
449,Frazier,Densie,fdensiecg@symantec.com,Male,Baki
450,Sib,Izkovicz,sizkoviczch@un.org,Female,Jadów
451,Lenora,Stratten,lstrattenci@so-net.ne.jp,Female,Ajasse Ipo
452,Rosco,Greensitt,rgreensittcj@ed.gov,Male,Nagahama
453,Kesley,Cardillo,kcardillock@scribd.com,Female,Błędów
454,Marge,Clarycott,mclarycottcl@e-recht24.de,Female,Pushkino
455,Millard,Purviss,mpurvisscm@ifeng.com,Male,Marcq-en-Barœul
456,Kipper,Brunsdon,kbrunsdoncn@scientificamerican.com,Male,Kimakamak
457,Damien,Mechell,dmechellco@webnode.com,Male,Novi Karlovci
458,Ivor,Heugel,iheugelcp@opensource.org,Male,Telgawah
459,Katrine,Sanchez,ksanchezcq@free.fr,Polygender,Santiago de Cao
460,Zeb,Laurent,zlaurentcr@pcworld.com,Agender,Nangkaruka
461,Juliana,Canwell,jcanwellcs@gravatar.com,Female,Perjuangan
462,Christiane,Brumwell,cbrumwellct@toplist.cz,Genderqueer,Daigo
463,Adriaens,Emerine,aemerinecu@forbes.com,Female,Jardoeira
464,Holly-anne,Sphinxe,hsphinxecv@timesonline.co.uk,Female,Sishilichengzi
465,Diena,Thunnercliffe,dthunnercliffecw@mozilla.org,Female,Mersam
466,Wylie,Choak,wchoakcx@ucoz.com,Male,Majengo
467,Kristofer,Burchill,kburchillcy@gizmodo.com,Male,Colmeal
468,Carlen,Fakes,cfakescz@histats.com,Female,Skellefteå
469,Anthe,Capp,acappd0@shareasale.com,Female,Bethlehem
470,Adolpho,Bails,abailsd1@ehow.com,Male,Gabi
471,Dickie,Do,ddod2@sphinn.com,Non-binary,Concordia
472,Aldin,Fardo,afardod3@miitbeian.gov.cn,Male,Le Grand-Quevilly
473,Cull,Ring,cringd4@deviantart.com,Male,Abomsa
474,Nelia,Eyre,neyred5@fema.gov,Polygender,Konstantinovsk
475,Kaine,Hanalan,khanaland6@privacy.gov.au,Male,Xinshi
476,Roshelle,De Miranda,rdemirandad7@is.gd,Non-binary,Madrid
477,Pavla,Haddrill,phaddrilld8@nbcnews.com,Female,Milwaukee
478,Roch,Heartfield,rheartfieldd9@smugmug.com,Female,Omaha
479,Inna,Eastway,ieastwayda@bandcamp.com,Female,Planken
480,Stephanie,Rebert,srebertdb@yahoo.com,Female,Khakhea
481,Caz,Cleyburn,ccleyburndc@list-manage.com,Male,Vatutino
482,Norine,Hindes,nhindesdd@xing.com,Female,Lubukgadang
483,Cristal,McCleary,cmcclearyde@theglobeandmail.com,Female,Cangshan
484,Torin,Pillifant,tpillifantdf@wikimedia.org,Male,Bukor
485,Ambrose,Gerler,agerlerdg@goo.gl,Male,Tugulym
486,Georgeta,Faltin,gfaltindh@smh.com.au,Female,Utrecht (stad)
487,Rahel,Wharf,rwharfdi@amazon.co.jp,Female,Um Jar Al Gharbiyya
488,Jammal,Kosel,jkoseldj@moonfruit.com,Polygender,Berón de Astrada
489,Inesita,Bertwistle,ibertwistledk@slashdot.org,Female,Bykov
490,Willi,Larmet,wlarmetdl@marriott.com,Genderfluid,Cibatu
491,Malanie,Attkins,mattkinsdm@ucsd.edu,Female,Kaset Sombun
492,Cal,Landeaux,clandeauxdn@youku.com,Male,Kitakata
493,Cleavland,Olenchenko,colenchenkodo@geocities.com,Male,Sibubuhan
494,Waylon,Caiger,wcaigerdp@dion.ne.jp,Male,Battambang
495,Rice,Simonassi,rsimonassidq@google.com.hk,Male,Ploemeur
496,Sutherland,Ferroli,sferrolidr@psu.edu,Male,Agen
497,Ashla,Edmett,aedmettds@google.com.br,Female,Jasugih Selatan
498,Perle,Willbourne,pwillbournedt@cbsnews.com,Female,Hošťka
499,Consuela,Van der Brug,cvanderbrugdu@geocities.com,Female,Naru
500,Juliane,Fiander,jfianderdv@sbwire.com,Polygender,Vorontsovka
501,Justus,Haydock,jhaydockdw@myspace.com,Male,Minji
502,Nester,Mullins,nmullinsdx@abc.net.au,Male,Phak Hai
503,Angela,Poundsford,apoundsforddy@squidoo.com,Female,Bom Jesus da Lapa
504,Ky,Welldrake,kwelldrakedz@wsj.com,Genderfluid,Tanzhou
505,Corabella,Dubique,cdubiquee0@kickstarter.com,Female,Song
506,Izak,Laurens,ilaurense1@vinaora.com,Male,Navais
507,Nani,Schroeder,nschroedere2@independent.co.uk,Female,Guanshan
508,Josephine,Flinders,jflinderse3@skyrock.com,Genderqueer,Wuyang
509,Christiano,Cherm,ccherme4@networkadvertising.org,Male,Phu Kradueng
510,Danny,Algar,dalgare5@tumblr.com,Polygender,Nova Petrópolis
511,Steffi,Delcastel,sdelcastele6@epa.gov,Female,Shaoguan
512,Lizette,Ludron,lludrone7@jigsy.com,Female,Panchagarh
513,Kenon,Lawtey,klawteye8@yandex.ru,Male,Berck
514,Karlene,Croster,kcrostere9@unblog.fr,Female,Thị Trấn Kim Tân
515,Jesselyn,Relph,jrelphea@eepurl.com,Bigender,Lampa
516,Sidonnie,Cleiment,scleimenteb@webmd.com,Female,Talisayan
517,Isac,Sheepy,isheepyec@jigsy.com,Male,Singa
518,Selinda,Avrashin,savrashined@networkadvertising.org,Female,Guantun
519,Terese,Restorick,trestorickee@cbslocal.com,Female,Lampari
520,Jaine,Trimmell,jtrimmellef@example.com,Female,Borowno
521,Brittany,Palfrie,bpalfrieeg@amazon.de,Female,Ambarakaraka
522,Rochell,Arrighi,rarrighieh@cdbaby.com,Female,Bosilovo
523,Siward,Parysiak,sparysiakei@barnesandnoble.com,Male,Yaogu
524,Linell,Gommey,lgommeyej@altervista.org,Female,Niedźwiedź
525,Shaughn,Kite,skiteek@hud.gov,Male,Youwarou
526,Elbertine,Sans,esansel@house.gov,Female,Kisanga
527,Albrecht,Kelk,akelkem@chronoengine.com,Male,Dolní Počernice
528,Faythe,Grimsey,fgrimseyen@imageshack.us,Female,Abéché
529,Reg,Ornelas,rornelaseo@csmonitor.com,Male,Tuxi
530,Akim,Coye,acoyeep@google.com.au,Male,Ngancar
531,Hube,Vasyutin,hvasyutineq@topsy.com,Male,Pszczyna
532,Filberte,Ech,fecher@github.com,Male,Haninge
533,Julie,Arnaudet,jarnaudetes@t-online.de,Female,Stronie
534,Lea,Brayfield,lbrayfieldet@shareasale.com,Female,Bang Lamung
535,Kit,McLennan,kmclennaneu@bloglines.com,Male,Vievis
536,Gustave,McNeil,gmcneilev@furl.net,Male,Água Retorta
537,Eula,Pietri,epietriew@disqus.com,Female,Nova Friburgo
538,Hendrick,MacAllaster,hmacallasterex@prnewswire.com,Male,Corinto
539,Jorie,Forsaith,jforsaithey@typepad.com,Female,Otllak
540,Louie,Fyrth,lfyrthez@globo.com,Male,El Real
541,Grace,Cellier,gcellierf0@mysql.com,Male,Daji
542,Harwilll,Styant,hstyantf1@wired.com,Male,Guishan
543,Jefferey,Twinn,jtwinnf2@tiny.cc,Male,Maredakalada
544,Melosa,Summerhayes,msummerhayesf3@4shared.com,Female,Sātkhira
545,Kip,Boden,kbodenf4@patch.com,Female,Chalaco
546,Quintana,Jindracek,qjindracekf5@miitbeian.gov.cn,Female,Kumla
547,Miof mela,Rubinowitsch,mrubinowitschf6@sitemeter.com,Female,Taen Tengah
548,Toddy,Valerio,tvaleriof7@google.com.au,Male,Bodzechów
549,Ema,Beincken,ebeinckenf8@amazonaws.com,Female,Alto del Espino
550,Cyrillus,Whaplington,cwhaplingtonf9@flickr.com,Male,Delães
551,Wren,Mountain,wmountainfa@google.es,Bigender,San Carlos
552,Lesli,Saker,lsakerfb@newyorker.com,Female,Skuodas
553,Ashia,Chesnay,achesnayfc@wunderground.com,Genderqueer,Hakodate
554,Trent,Nears,tnearsfd@washington.edu,Male,Tojeira
555,Neala,Compson,ncompsonfe@google.ru,Female,Stockholm
556,Lenka,Kalkhoven,lkalkhovenff@etsy.com,Female,Estoi
557,Cristi,Saunderson,csaundersonfg@upenn.edu,Female,Doña Remedios Trinidad
558,Barrie,Sowerby,bsowerbyfh@furl.net,Polygender,Yong’an
559,Britney,Barritt,bbarrittfi@com.com,Female,Santa Cruz das Flores
560,Laureen,Von Oertzen,lvonoertzenfj@nih.gov,Female,Puubheto
561,Katee,Boothroyd,kboothroydfk@google.cn,Female,Liushun
562,Costanza,Bunson,cbunsonfl@wikimedia.org,Female,El Escanito
563,Orren,Skull,oskullfm@spiegel.de,Male,As Sūsah
564,Wes,Gatch,wgatchfn@newsvine.com,Male,Néos Skopós
565,Jehu,Sibborn,jsibbornfo@mayoclinic.com,Male,Yakutsk
566,Devan,Somerlie,dsomerliefp@sogou.com,Female,Dresden
567,Jackson,Greensted,jgreenstedfq@adobe.com,Non-binary,Khorlovo
568,Patsy,Minchinton,pminchintonfr@google.cn,Male,Teresópolis
569,Brooke,Filippov,bfilippovfs@tiny.cc,Male,Youshan
570,Willie,Hellings,whellingsft@hhs.gov,Male,Hualmay
571,Cherin,Duligal,cduligalfu@sfgate.com,Female,Waipukang
572,Clywd,Dash,cdashfv@wiley.com,Male,Santa Quitéria
573,Elberta,Belitz,ebelitzfw@exblog.jp,Female,Şānūr
574,Eric,Boal,eboalfx@alexa.com,Male,Calgary
575,Nanice,O' Lone,nolonefy@va.gov,Female,Aozai
576,Bonnibelle,Fuidge,bfuidgefz@nytimes.com,Female,Umanday Centro
577,Marjorie,Chantillon,mchantillong0@wikimedia.org,Bigender,Turpay
578,Yuri,Tredger,ytredgerg1@networksolutions.com,Male,Jiangchang
579,Paulie,Punchard,ppunchardg2@ox.ac.uk,Female,Limoncito
580,Cecilla,Brookwell,cbrookwellg3@opera.com,Female,Phan Thong
581,Rory,Whitcombe,rwhitcombeg4@ftc.gov,Female,Cisiec
582,Danika,Southwick,dsouthwickg5@mapquest.com,Female,Verkhniy Avzyan
583,Ambrosi,Bendelow,abendelowg6@flickr.com,Male,Chadian
584,Deloria,Jugging,djuggingg7@furl.net,Female,Morfovoúni
585,Olly,Oty,ootyg8@google.co.uk,Female,Apopa
586,Celestine,Bartrap,cbartrapg9@unc.edu,Female,Shostka
587,Abigail,Mackilpatrick,amackilpatrickga@bing.com,Bigender,Dzhiginka
588,Arlinda,Segebrecht,asegebrechtgb@rakuten.co.jp,Female,Kourou
589,Nickey,Fillimore,nfillimoregc@nps.gov,Male,Banjaranyar
590,Jordain,Gartell,jgartellgd@topsy.com,Female,Bolszewo
591,Cathie,Sleep,csleepge@dailymail.co.uk,Female,Refojos
592,Lucas,Kirby,lkirbygf@xinhuanet.com,Male,Dongluqiao
593,Ketti,Hanhart,khanhartgg@flavors.me,Female,Qingxi
594,Lillis,Skerme,lskermegh@zdnet.com,Female,Samaro
595,Rafaello,Poppleton,rpoppletongi@chronoengine.com,Male,Monastyrshchina
596,Steve,Wethered,swetheredgj@wikispaces.com,Male,Macachín
597,Maryrose,Gradley,mgradleygk@flavors.me,Female,Makarov
598,Christabel,Benck,cbenckgl@eventbrite.com,Female,Cherskiy
599,Shea,Mapplebeck,smapplebeckgm@issuu.com,Male,Karapyshi
600,Ewan,Tortis,etortisgn@intel.com,Male,Jiaoqi
601,Angel,Seggie,aseggiego@sciencedaily.com,Female,Yongning
602,Frederic,Tonkes,ftonkesgp@g.co,Male,Shangyi
603,Arline,Bertenshaw,abertenshawgq@fc2.com,Female,Cran-Gevrier
604,Stevie,Juggins,sjugginsgr@themeforest.net,Genderqueer,Staraya Mayna
605,Averyl,Algate,aalgategs@geocities.jp,Non-binary,Lingbei
606,Ansel,Daughton,adaughtongt@hostgator.com,Male,Ciranca Satu
607,Alina,Salmons,asalmonsgu@slashdot.org,Female,Dongsheng
608,Deloria,Marchent,dmarchentgv@moonfruit.com,Female,La Azulita
609,Cordi,Dunthorne,cdunthornegw@ehow.com,Female,Jati
610,Tedda,Nibley,tnibleygx@illinois.edu,Non-binary,Härnösand
611,Edvard,Minghella,eminghellagy@creativecommons.org,Male,Ljutomer
612,Delia,Nevitt,dnevittgz@go.com,Female,Zelenogorsk
613,Danette,Celez,dcelezh0@arstechnica.com,Female,‘Ayn al ‘Arab
614,Dawna,Djordjevic,ddjordjevich1@hubpages.com,Female,Luxor
615,Tressa,Lucia,tluciah2@intel.com,Non-binary,Libouchec
616,Francyne,Roblett,frobletth3@ezinearticles.com,Female,Nanyang
617,Jessalyn,Stanning,jstanningh4@cloudflare.com,Female,Castellon De La Plana/Castello De La Pla
618,Mohandas,Noar,mnoarh5@g.co,Male,Aral
619,Mason,Kee,mkeeh6@eventbrite.com,Male,Hepu
620,Guntar,Battany,gbattanyh7@quantcast.com,Male,Makoko
621,Trenton,Abreheart,tabrehearth8@technorati.com,Male,Eira da Pedra
622,Stephanus,Segrott,ssegrotth9@house.gov,Male,Al Munīrah
623,Hieronymus,Gilgryst,hgilgrystha@blogtalkradio.com,Male,Longhuashan
624,Elene,Brettor,ebrettorhb@latimes.com,Female,Jabonga
625,Saudra,Heijne,sheijnehc@netvibes.com,Female,San Pa Tong
626,Katherine,Hugle,khuglehd@bbb.org,Female,Huangyang
627,Skipper,Pettiward,spettiwardhe@eventbrite.com,Male,Macapo
628,Jeramie,Harsnipe,jharsnipehf@sitemeter.com,Male,Zhushan
629,Zack,Denerley,zdenerleyhg@forbes.com,Non-binary,Hamburg Bramfeld
630,Lira,Gething,lgethinghh@purevolume.com,Female,Bendan
631,Garrett,McCambrois,gmccambroishi@ibm.com,Male,Anju
632,Layney,Cornels,lcornelshj@si.edu,Female,Alverca do Ribatejo
633,Lindon,Sager,lsagerhk@vimeo.com,Male,Date
634,Jaimie,Brown,jbrownhl@myspace.com,Male,Gawanan
635,Antons,Fere,aferehm@msn.com,Male,Qırmızı Samux
636,Ashlan,Carnachen,acarnachenhn@wp.com,Agender,Pereslavl’-Zalesskiy
637,Agnola,McGlaughn,amcglaughnho@tumblr.com,Female,Odiongan
638,Jefferey,Tuxill,jtuxillhp@sitemeter.com,Genderfluid,Umburarameha
639,Ilaire,Aleksic,ialeksichq@clickbank.net,Male,Karangtengah
640,Taite,Rodrigo,trodrigohr@123-reg.co.uk,Male,Caijiang
641,Nicky,Masi,nmasihs@jigsy.com,Genderqueer,Washington
642,Jacinda,Larvin,jlarvinht@columbia.edu,Female,Torres
643,Leonhard,Espadater,lespadaterhu@wiley.com,Male,L'Épiphanie
644,Natale,Allinson,nallinsonhv@surveymonkey.com,Male,Obroshyne
645,Valentine,Semper,vsemperhw@bloglines.com,Female,Sang-e Chārak
646,Burch,Haselwood,bhaselwoodhx@mozilla.org,Male,Diaofeng
647,Sydney,Bransby,sbransbyhy@etsy.com,Female,Maia
648,Verna,Brocket,vbrockethz@marriott.com,Female,Albergaria
649,Yancey,Fairweather,yfairweatheri0@youtu.be,Male,Shypyntsi
650,Colly,Scales,cscalesi1@paypal.com,Female,Aranguren
651,Obie,Shermar,oshermari2@bloomberg.com,Male,Nsukka
652,Anstice,Starr,astarri3@sun.com,Genderqueer,Kumai
653,Opalina,Venard,ovenardi4@redcross.org,Female,Carrasqueira
654,Lezlie,Dieton,ldietoni5@paypal.com,Female,Nālchiti
655,Maurene,Annand,mannandi6@lulu.com,Female,Visby
656,Tammy,Petrakov,tpetrakovi7@photobucket.com,Male,Kassándreia
657,Joby,Flukes,jflukesi8@blog.com,Female,Zimmi
658,Nina,Dimitrov,ndimitrovi9@samsung.com,Bigender,Znamenskoye
659,Seka,Suddaby,ssuddabyia@census.gov,Female,Murovanoye
660,Torrie,Deedes,tdeedesib@alexa.com,Female,Düsseldorf
661,Leila,Gadney,lgadneyic@moonfruit.com,Female,Redakodi
662,Sarita,McNae,smcnaeid@apache.org,Female,Enhe Hada
663,Carroll,Berston,cberstonie@sphinn.com,Female,Governador Valadares
664,Felicle,Curgenuer,fcurgenuerif@noaa.gov,Female,Zolotyy Potik
665,Jarvis,Voisey,jvoiseyig@jigsy.com,Male,Meikeng
666,Coral,Garatty,cgarattyih@posterous.com,Female,Carepa
667,Hans,Lunnon,hlunnonii@constantcontact.com,Male,Huế
668,Idette,Mannix,imannixij@japanpost.jp,Female,Yacheng
669,Garreth,Olanda,golandaik@github.io,Male,Tubuhue
670,Roosevelt,Elmhirst,relmhirstil@hexun.com,Male,Zouérat
671,Bell,Joney,bjoneyim@ebay.co.uk,Female,Bromma
672,Calla,Pawlik,cpawlikin@cloudflare.com,Female,Macaíba
673,Joey,Gianullo,jgianulloio@prlog.org,Polygender,Banda Layung
674,Bearnard,Kienzle,bkienzleip@umn.edu,Male,Khafizan
675,Dion,Kenworth,dkenworthiq@theglobeandmail.com,Male,Byuravan
676,Elvina,Elliman,eellimanir@networkadvertising.org,Female,Satinka
677,Della,Mitchelmore,dmitchelmoreis@simplemachines.org,Agender,Örebro
678,Jacklin,Worsalls,jworsallsit@hp.com,Female,Prakhon Chai
679,Thayne,Biglin,tbigliniu@tamu.edu,Male,Porvenir
680,Judi,O'Bruen,jobrueniv@washington.edu,Female,Bayamo
681,Val,De Cleen,vdecleeniw@tripadvisor.com,Male,Babantar
682,Zilvia,Gawthrope,zgawthropeix@bbc.co.uk,Female,Quartier Morin
683,Gaby,Ricket,gricketiy@noaa.gov,Female,Kadipaten
684,Zechariah,Fidge,zfidgeiz@yahoo.co.jp,Male,Massy
685,Nero,Dalli,ndallij0@1und1.de,Male,Algueirão
686,Brannon,Morison,bmorisonj1@posterous.com,Male,Uhlove
687,Corbin,Arnoldi,carnoldij2@discuz.net,Male,Cibanten
688,Bernard,Duchenne,bduchennej3@technorati.com,Male,Bartolomé Masó
689,Judah,De Gregario,jdegregarioj4@bravesites.com,Male,Galleh Manda
690,Danni,Keilty,dkeiltyj5@pagesperso-orange.fr,Female,Mabasa
691,Jackqueline,Allridge,jallridgej6@cargocollective.com,Female,Vrbno pod Pradědem
692,Jehanna,Naisey,jnaiseyj7@independent.co.uk,Female,Tunjë
693,Patsy,Legister,plegisterj8@foxnews.com,Genderqueer,Matnah
694,Ralph,Poulton,rpoultonj9@nationalgeographic.com,Male,Grudë-Fushë
695,Vladamir,McKeller,vmckellerja@furl.net,Male,Palmito
696,Ramonda,Prue,rpruejb@wordpress.com,Female,Dondar Quşçu
697,Leicester,Crother,lcrotherjc@gravatar.com,Male,Rahayu
698,Claudina,Krout,ckroutjd@vinaora.com,Genderqueer,Frederiksberg
699,Arthur,Soldan,asoldanje@ebay.co.uk,Male,Tobias Fornier
700,Franz,Boldra,fboldrajf@house.gov,Male,København
701,Paquito,Dronsfield,pdronsfieldjg@woothemes.com,Male,Qiting
702,Wendeline,Eathorne,weathornejh@eepurl.com,Female,Los Lotes
703,Wynn,Winser,wwinserji@rakuten.co.jp,Male,Mollepampa
704,Katy,Burkill,kburkilljj@netscape.com,Female,Weiyuan
705,Granger,Senyard,gsenyardjk@va.gov,Male,Duogongma
706,Jeana,Stag,jstagjl@xing.com,Female,Finspång
707,Riley,Haydock,rhaydockjm@friendfeed.com,Male,Kotabunan
708,Marci,Bille,mbillejn@uiuc.edu,Female,Marang
709,Cinnamon,Songer,csongerjo@senate.gov,Female,Sundsvall
710,Flo,Pietzker,fpietzkerjp@theatlantic.com,Female,Nong Saeng
711,Jackie,Bradbeer,jbradbeerjq@trellian.com,Female,Tubajon
712,Lorin,Knightsbridge,lknightsbridgejr@paginegialle.it,Agender,Pruszków
713,Rebekah,Steele,rsteelejs@foxnews.com,Female,Brniště
714,Sheffy,Georgievski,sgeorgievskijt@skyrock.com,Male,Vol’no-Nadezhdinskoye
715,Giles,Paolazzi,gpaolazziju@cafepress.com,Male,Karbunara e Vogël
716,Korry,Lamplugh,klamplughjv@wikia.com,Female,Karlskrona
717,Norrie,Gowthorpe,ngowthorpejw@opensource.org,Female,Beiquan
718,Annalise,Easby,aeasbyjx@businessinsider.com,Female,Padova
719,Billie,Cortnay,bcortnayjy@ihg.com,Male,Solnechnogorsk
720,Adlai,Bibbie,abibbiejz@stanford.edu,Male,"Hospitalet De Llobregat, L'"
721,Brigitte,Ingliss,binglissk0@shinystat.com,Female,Przasnysz
722,Evaleen,Kildahl,ekildahlk1@smugmug.com,Female,Gampang
723,Carie,Baignard,cbaignardk2@vkontakte.ru,Female,Shumerlya
724,Art,Clemow,aclemowk3@businesswire.com,Male,Tonggakjati
725,Cullin,Whitley,cwhitleyk4@berkeley.edu,Male,Muḩradah
726,Tally,Dancer,tdancerk5@1und1.de,Male,Huxi
727,Lucas,Lelievre,llelievrek6@tripod.com,Male,Windusakti Hilir
728,Adelle,Bettenson,abettensonk7@yahoo.co.jp,Female,Yuktae-dong
729,Caritta,McGaughie,cmcgaughiek8@csmonitor.com,Female,Punata
730,Helli,Walbrun,hwalbrunk9@dailymotion.com,Female,Chashnikovo
731,Paxon,Magrane,pmagraneka@home.pl,Male,Mingcheng
732,Robinet,Mieville,rmievillekb@pcworld.com,Male,Bayt Liqyā
733,Suzy,Toffler,stofflerkc@surveymonkey.com,Female,Sułkowice
734,Gasper,Witter,gwitterkd@diigo.com,Genderqueer,Puqi
735,Elora,Fandrich,efandrichke@usatoday.com,Female,Inya
736,Brynna,Lasslett,blasslettkf@oakley.com,Female,Looc
737,Maurise,Cankett,mcankettkg@icq.com,Male,Swords
738,Dodi,Skudder,dskudderkh@people.com.cn,Female,Matanog
739,Dredi,Watchorn,dwatchornki@jugem.jp,Female,Novokubansk
740,Herold,Khristoforov,hkhristoforovkj@umn.edu,Male,Pereval'noe
741,Stephanie,Stienton,sstientonkk@linkedin.com,Female,Otavalo
742,Harwell,Vertey,hverteykl@vinaora.com,Male,Al Khāniq
743,Dell,Hammill,dhammillkm@umn.edu,Male,Franco da Rocha
744,Tiffany,Isles,tisleskn@netlog.com,Female,Bulgan
745,Thurstan,Grob,tgrobko@statcounter.com,Male,Sosnytsya
746,Ebba,Abdon,eabdonkp@marriott.com,Female,Old City
747,Kristoffer,Blackboro,kblackborokq@columbia.edu,Male,Langsa
748,Magdalena,Tapton,mtaptonkr@chronoengine.com,Female,Mogi Mirim
749,Raddy,Hampe,rhampeks@pbs.org,Non-binary,Fayzabad
750,Barbara-anne,Wadham,bwadhamkt@yahoo.com,Female,Obrera
751,Tristan,Davana,tdavanaku@stanford.edu,Male,Episkopí
752,Jordan,Henzley,jhenzleykv@last.fm,Male,Pueblo Nuevo Viñas
753,Ingra,Tendahl,itendahlkw@geocities.com,Male,Moca
754,Rosetta,Gamwell,rgamwellkx@typepad.com,Agender,Cilangkap
755,Rudolph,Tucknott,rtucknottky@admin.ch,Male,Dhali
756,Freeman,Killoran,fkillorankz@apple.com,Male,Syktyvkar
757,Nikolaus,Delgardo,ndelgardol0@flavors.me,Bigender,Nenagh
758,Mord,Lestrange,mlestrangel1@flavors.me,Male,Netvořice
759,Margot,Mitchall,mmitchalll2@narod.ru,Polygender,Sapadun
760,Averill,Dory,adoryl3@google.com.au,Male,Phitsanulok
761,Gregg,Marcu,gmarcul4@blogspot.com,Male,Zhyrovichy
762,Katheryn,Elder,kelderl5@webeden.co.uk,Female,Beni Khiar
763,Rivalee,Ainsby,rainsbyl6@discovery.com,Female,Linköping
764,Pryce,Walkey,pwalkeyl7@moonfruit.com,Male,Solnechnyy
765,Krissie,Grishmanov,kgrishmanovl8@ucla.edu,Female,San Cristóbal
766,Bailie,Symes,bsymesl9@yale.edu,Male,Candelaria
767,Audy,Arp,aarpla@fc2.com,Female,Byumba
768,Daloris,McAlindon,dmcalindonlb@dmoz.org,Female,Burgersfort
769,Ann-marie,Roderick,arodericklc@reference.com,Female,Černelavci
770,Kory,Strickler,kstricklerld@tuttocitta.it,Male,Ugac Sur
771,Lucie,Joscelyn,ljoscelynle@icio.us,Bigender,Mullagh
772,Burg,Cullon,bcullonlf@thetimes.co.uk,Male,Hongchuan
773,Clemmy,Barbrook,cbarbrooklg@amazon.de,Male,Ban Dung
774,Trina,Tassel,ttassellh@cmu.edu,Female,Tartouss
775,Calla,Rivitt,crivittli@walmart.com,Female,Nantes
776,Skippy,Carah,scarahlj@symantec.com,Male,Costa Sacate
777,Wainwright,Kanter,wkanterlk@blinklist.com,Male,Boyarka
778,Warner,Toolin,wtoolinll@whitehouse.gov,Male,Solna
779,Kipp,Godard,kgodardlm@foxnews.com,Male,Putrajaya
780,Benjie,Barth,bbarthln@senate.gov,Male,Bektemir
781,Job,McGeever,jmcgeeverlo@ftc.gov,Male,Béthune
782,Madeleine,Zanitti,mzanittilp@admin.ch,Agender,Kampungbaru
783,Theadora,Halton,thaltonlq@mapquest.com,Female,Chernogorsk
784,Ali,Gildersleaves,agildersleaveslr@oakley.com,Male,Chicago
785,Domenic,Joynson,djoynsonls@about.me,Male,Nanning
786,Lavena,Swire,lswirelt@umich.edu,Female,Ganggawang
787,Renard,Freear,rfreearlu@ustream.tv,Male,Den Haag
788,Carolyne,Purdy,cpurdylv@sina.com.cn,Female,Makata
789,Cammie,Connachan,cconnachanlw@illinois.edu,Female,Shikhany
790,Percy,Dallon,pdallonlx@fotki.com,Male,Berbera
791,Lambert,Held,lheldly@hao123.com,Male,Tambaksari
792,Alonzo,Wickson,awicksonlz@marketwatch.com,Male,Groblersdal
793,Ignacio,Kibbee,ikibbeem0@quantcast.com,Male,Miribanteng
794,Thaxter,Stut,tstutm1@multiply.com,Male,Lillehammer
795,Clemmie,Chess,cchessm2@github.io,Male,‘Alī al Gharbī
796,Carline,Shortland,cshortlandm3@skype.com,Female,Igbor
797,Damara,Moyles,dmoylesm4@discovery.com,Non-binary,Psychikó
798,Bernete,Duggary,bduggarym5@mail.ru,Female,Cihua
799,Isidora,Kestin,ikestinm6@mediafire.com,Female,Öjebyn
800,Roger,Evequot,revequotm7@cpanel.net,Male,Pedro Santana
801,Evonne,Heminsley,eheminsleym8@npr.org,Female,Cigarogol
802,Janifer,Pyson,jpysonm9@squarespace.com,Female,Dedenëvo
803,Dita,Crudgington,dcrudgingtonma@soundcloud.com,Female,Villa Ángela
804,Rozamond,Wicher,rwichermb@slate.com,Female,Dimitrovgrad
805,Luigi,Angeli,langelimc@example.com,Male,Korkino
806,Karine,Dyment,kdymentmd@ask.com,Female,Torrijos
807,Meredith,Roose,mrooseme@yahoo.co.jp,Female,Wako
808,Pennie,Richly,prichlymf@businessweek.com,Female,San Fernando del Valle de Catamarca
809,Pembroke,Miell,pmiellmg@chicagotribune.com,Male,Paragominas
810,Walton,Thiem,wthiemmh@wp.com,Male,Sa‘sa‘
811,Jackson,Sarvar,jsarvarmi@scribd.com,Male,Shimen
812,Cicely,Robers,crobersmj@msn.com,Female,Al ‘Āqir
813,Freemon,Mellenby,fmellenbymk@utexas.edu,Male,Cimonyong
814,Ringo,O'Cahsedy,rocahsedyml@tuttocitta.it,Male,Pokrov
815,Rooney,Hawkins,rhawkinsmm@tuttocitta.it,Genderfluid,Botigues
816,Letizia,Postin,lpostinmn@arizona.edu,Genderqueer,Stockholm
817,Holly,Spillard,hspillardmo@fc2.com,Male,Laugar
818,Rosalinda,Ivanenko,rivanenkomp@dot.gov,Female,Lusk
819,Wilmar,Pasterfield,wpasterfieldmq@acquirethisname.com,Male,Dusun Desa Bunter
820,Amil,Joderli,ajoderlimr@umich.edu,Female,Krajan Keboromo
821,Brooks,Peperell,bpeperellms@purevolume.com,Female,Hagerstown
822,Mart,Duggan,mdugganmt@addtoany.com,Male,Afogados da Ingazeira
823,Lissa,Banbrigge,lbanbriggemu@smh.com.au,Female,Nueva Esperanza
824,Tony,Plaister,tplaistermv@de.vu,Male,Forssa
825,Hynda,Theyer,htheyermw@rakuten.co.jp,Female,Benito Juarez
826,Christy,Senescall,csenescallmx@hexun.com,Female,Niyang
827,Tirrell,Nosworthy,tnosworthymy@devhub.com,Male,Xinxu
828,Artie,Pirot,apirotmz@nhs.uk,Male,High River
829,Barth,Rable,brablen0@vk.com,Male,Saginaw
830,Jud,Castiglioni,jcastiglionin1@bravesites.com,Male,Tuchkovo
831,Rosette,Petow,rpetown2@chicagotribune.com,Female,Quimperlé
832,Murray,Southcombe,msouthcomben3@nba.com,Male,La Motte-Servolex
833,Chery,Bowers,cbowersn4@diigo.com,Female,San Luis
834,Jonathan,Measor,jmeasorn5@sakura.ne.jp,Polygender,Münster
835,Sinclare,Denisevich,sdenisevichn6@nytimes.com,Male,Nazir Town
836,Cob,Pargent,cpargentn7@flavors.me,Male,Vila
837,Cobbie,Castles,ccastlesn8@spiegel.de,Male,Wahang Dua
838,Naomi,Sheldon,nsheldonn9@umn.edu,Female,Nama
839,Clayborne,Fison,cfisonna@youtu.be,Male,Zasip
840,Tanner,York,tyorknb@google.com,Male,Dongen
841,Lavena,Cahalin,lcahalinnc@fda.gov,Female,Koronganayam
842,Michel,Bearblock,mbearblocknd@digg.com,Female,Capalayan
843,Alec,MacCroary,amaccroaryne@slate.com,Male,Lincheng
844,Boigie,Blenkensop,bblenkensopnf@shop-pro.jp,Male,Liusi
845,Merle,Pentecost,mpentecostng@cdbaby.com,Bigender,Ubinskoye
846,Ricoriki,Eakens,reakensnh@telegraph.co.uk,Male,Ginatilan
847,Gustie,Stickler,gsticklerni@bandcamp.com,Female,Bov
848,Torin,Faivre,tfaivrenj@moonfruit.com,Male,Askainen
849,Nadia,Mooney,nmooneynk@walmart.com,Female,Bruxelles
850,Port,Kingett,pkingettnl@globo.com,Male,Xiaochi
851,Minnnie,Choat,mchoatnm@shareasale.com,Female,Bassano
852,Lyn,Manclark,lmanclarknn@cbslocal.com,Male,Cayur
853,Merell,Greenwood,mgreenwoodno@accuweather.com,Male,Kidal
854,Nikos,Mulqueen,nmulqueennp@netscape.com,Male,Panaoti
855,Land,Brackpool,lbrackpoolnq@census.gov,Male,Huotian
856,Laetitia,Elecum,lelecumnr@nhs.uk,Female,Gāvbandī
857,Anton,Exton,aextonns@marriott.com,Male,Oklahoma City
858,Ailey,Iorns,aiornsnt@bandcamp.com,Female,Lixin
859,Jessey,Durant,jdurantnu@google.ca,Male,Jiaoshi
860,Felicle,Carlesi,fcarlesinv@creativecommons.org,Female,Xiaoguai
861,Bancroft,Danett,bdanettnw@shinystat.com,Male,Rancagua
862,Kennie,Brew,kbrewnx@rediff.com,Male,Sanchahe
863,Eula,Million,emillionny@usda.gov,Female,Los Nogales
864,Cristian,Bownd,cbowndnz@behance.net,Male,Songjianghe
865,Ricky,Kydde,rkyddeo0@t.co,Male,Gongnong
866,Aguie,Popple,apoppleo1@cmu.edu,Male,Baranti
867,Logan,Oloshin,loloshino2@mashable.com,Male,Taesal-li
868,Aube,Gowler,agowlero3@jiathis.com,Male,Baunu-Timbangan
869,Avictor,Swindin,aswindino4@lulu.com,Male,Bayḩān
870,Derk,Acors,dacorso5@skyrock.com,Male,Qikeshu
871,Burtie,Pougher,bpoughero6@house.gov,Male,Robīt
872,Weston,Crookshank,wcrookshanko7@cbc.ca,Genderfluid,Chiang Yuen
873,Ricca,McIlhagga,rmcilhaggao8@ask.com,Female,Camplong
874,Sayres,Mawditt,smawditto9@gnu.org,Male,Reno
875,Giles,Zanussii,gzanussiioa@princeton.edu,Male,Boucinhas
876,Bobbette,Tudgay,btudgayob@wikipedia.org,Female,Pärnu
877,Burr,Emslie,bemslieoc@statcounter.com,Male,El Pino
878,Kelcy,Adamovich,kadamovichod@ycombinator.com,Female,Balazar
879,Dom,Johncey,djohnceyoe@acquirethisname.com,Bigender,Soeng Sang
880,Audra,Camber,acamberof@blogtalkradio.com,Female,Guayabetal
881,Hailey,Nicholas,hnicholasog@phpbb.com,Male,Bitica
882,Phaedra,Grayshon,pgrayshonoh@360.cn,Female,Kebonjaya
883,Hill,Stit,hstitoi@csmonitor.com,Male,Petaling Jaya
884,Dasya,Houlston,dhoulstonoj@mac.com,Female,Luanda
885,Sissy,Priddis,spriddisok@squidoo.com,Female,Ramanavichy
886,Jerry,Mollison,jmollisonol@taobao.com,Female,Yantian
887,Abby,Boyen,aboyenom@businessinsider.com,Male,Belle-Anse
888,Des,Lowmass,dlowmasson@npr.org,Male,Puerto Plata
889,Ellen,Banting,ebantingoo@seesaa.net,Female,Gedera
890,Anni,Munkton,amunktonop@usatoday.com,Female,Río Grande
891,Alida,Motion,amotionoq@omniture.com,Female,Szczawno-Zdrój
892,Inessa,Quest,iquestor@rakuten.co.jp,Female,Alcabideche
893,Elroy,Giotto,egiottoos@issuu.com,Agender,Kaya
894,Lorrayne,Epine,lepineot@myspace.com,Agender,Neglasari
895,Bengt,Parkins,bparkinsou@china.com.cn,Male,Urbiztondo
896,Arin,Jachtym,ajachtymov@weather.com,Male,Youfang
897,Maud,Galego,mgalegoow@goodreads.com,Female,Konde
898,Mariejeanne,Dansken,mdanskenox@goo.ne.jp,Female,Mmathubudukwane
899,Leonard,Guerriero,lguerrierooy@rediff.com,Male,Xin’an
900,Broderic,Frichley,bfrichleyoz@goodreads.com,Male,Topol’noye
901,Tristam,Batthew,tbatthewp0@sphinn.com,Male,Tegalsari
902,Cindra,Jupp,cjuppp1@dell.com,Female,Achiras
903,Else,Shallcrass,eshallcrassp2@indiatimes.com,Female,Paris 19
904,Haley,Hatfield,hhatfieldp3@smugmug.com,Female,Dahe
905,Shaun,Bundy,sbundyp4@chronoengine.com,Female,Hausjärvi
906,Abbe,Meeland,ameelandp5@paginegialle.it,Male,Phutthaisong
907,Oby,Mallatratt,omallatrattp6@chron.com,Male,Kaduna
908,Erma,Cobley,ecobleyp7@cdc.gov,Female,Valvedditturai
909,Conny,Damerell,cdamerellp8@dot.gov,Female,Geita
910,Laurent,Fairlie,lfairliep9@webmd.com,Male,Kubang
911,Hobie,Serrier,hserrierpa@seattletimes.com,Male,Guatimozín
912,Chanda,Sadat,csadatpb@latimes.com,Female,Toyama-shi
913,Bear,Tracey,btraceypc@bloglovin.com,Male,Toledo
914,Mata,Tebbutt,mtebbuttpd@imdb.com,Male,Qal‘ah-ye Na‘īm
915,Eleni,Gorelli,egorellipe@mac.com,Female,Duri
916,Ced,Wimms,cwimmspf@netvibes.com,Male,El Calafate
917,Clara,Botterell,cbotterellpg@wsj.com,Female,Krynki
918,Terrance,Boken,tbokenph@odnoklassniki.ru,Male,Staré Hradiště
919,Neely,Kennan,nkennanpi@theguardian.com,Female,Khorlovo
920,Clement,Sussex,csussexpj@europa.eu,Male,Kourou
921,Jo,MacAlister,jmacalisterpk@jalbum.net,Male,Fulin
922,Hynda,Brute,hbrutepl@omniture.com,Non-binary,Tacheng
923,Trey,Stanyland,tstanylandpm@quantcast.com,Male,Nan’an
924,Kahaleel,Humm,khummpn@fastcompany.com,Male,San Jerónimo
925,Bondy,Balderson,bbaldersonpo@dagondesign.com,Male,Coelho Neto
926,Audre,McIvor,amcivorpp@google.nl,Female,Embalse
927,Clement,Dinnage,cdinnagepq@goo.ne.jp,Male,Campanário
928,Kayne,Guiver,kguiverpr@ifeng.com,Male,Shirokaya Rechka
929,Alric,Bodicum,abodicumps@army.mil,Male,Cantoria
930,Timothy,Buxy,tbuxypt@skype.com,Male,Tanjung
931,Raynor,Corke,rcorkepu@drupal.org,Male,Nakovo
932,Cari,Seston,csestonpv@google.es,Female,Krebetkrajan
933,Aubrie,Taillant,ataillantpw@purevolume.com,Female,Casal da Serra
934,Kristoforo,Clausson,kclaussonpx@mashable.com,Male,Jincheng
935,Lena,Chittenden,lchittendenpy@bravesites.com,Female,Arcueil
936,Norah,Ianilli,nianillipz@nyu.edu,Female,Sa‘sa‘
937,Hy,Markos,hmarkosq0@dropbox.com,Genderqueer,Usol’ye
938,Drusy,Makin,dmakinq1@harvard.edu,Female,Dalsjöfors
939,Zebadiah,Nucci,znucciq2@nyu.edu,Male,Bali
940,Latisha,Hirtzmann,lhirtzmannq3@theglobeandmail.com,Female,Klagen
941,Sidoney,De Giorgis,sdegiorgisq4@arstechnica.com,Female,Jiaozuo
942,Cortney,Borgne,cborgneq5@icio.us,Female,Huangzhou
943,Thorn,Billham,tbillhamq6@accuweather.com,Male,Sumberbaru
944,Jannelle,Widdison,jwiddisonq7@github.com,Female,Castanhal
945,Dermot,Grievson,dgrievsonq8@squarespace.com,Male,Laimuda
946,Ali,Martellini,amartelliniq9@symantec.com,Bigender,Jiezi
947,Meryl,Coulbeck,mcoulbeckqa@youtube.com,Male,Al Qadarif
948,Chicky,Brito,cbritoqb@godaddy.com,Male,Lingbei
949,Taryn,Sprouls,tsproulsqc@nymag.com,Female,Banff
950,Kalvin,Lukas,klukasqd@delicious.com,Male,Balas
951,Nickolaus,Huddle,nhuddleqe@cbslocal.com,Male,Ejmiatsin
952,Iorgos,Beauchop,ibeauchopqf@bloomberg.com,Male,Zhangaqorghan
953,Miguelita,Rowcliffe,mrowcliffeqg@exblog.jp,Female,Siquirres
954,Giovanni,Keenleyside,gkeenleysideqh@examiner.com,Male,Iwaki
955,Electra,Mephan,emephanqi@nba.com,Female,Duitama
956,Wesley,Rait,wraitqj@163.com,Male,Zemlyansk
957,Gaylord,Berston,gberstonqk@netvibes.com,Male,Rancabungur
958,Tobe,Vedenyakin,tvedenyakinql@sphinn.com,Polygender,Riofrío
959,Karola,Arrow,karrowqm@loc.gov,Female,Chengyang
960,Mallissa,Vigors,mvigorsqn@istockphoto.com,Female,Ipatinga
961,Gunner,Acland,gaclandqo@ucoz.ru,Male,Dongjia
962,Moria,Izkovitch,mizkovitchqp@skyrock.com,Female,Seria
963,Reed,Adamovicz,radamoviczqq@army.mil,Male,Texistepeque
964,Wally,Satterly,wsatterlyqr@engadget.com,Female,Linan
965,Virgie,Braban,vbrabanqs@mac.com,Male,Huaqiu
966,Miltie,Webermann,mwebermannqt@phpbb.com,Male,Lago da Pedra
967,Jobye,Batchelder,jbatchelderqu@ehow.com,Female,Santa Ana
968,Cristian,Dymott,cdymottqv@webnode.com,Male,Sumy
969,Carie,Grishakin,cgrishakinqw@opensource.org,Female,Maswa
970,Timoteo,Steinham,tsteinhamqx@deliciousdays.com,Male,Pujilí
971,Torrence,Christoffels,tchristoffelsqy@kickstarter.com,Male,Kharovsk
972,Justin,Ledeker,jledekerqz@fotki.com,Male,Cahors
973,Jennee,Syred,jsyredr0@wufoo.com,Female,Bayḩān
974,Loella,Mc Ilory,lmciloryr1@xinhuanet.com,Female,Ngulahan
975,Dene,Bowker,dbowkerr2@google.es,Male,Ipauçu
976,Pyotr,Winscom,pwinscomr3@pcworld.com,Male,Pangal Sur
977,Hayes,Mordey,hmordeyr4@mlb.com,Male,Vinica
978,Leif,Lardez,llardezr5@apache.org,Non-binary,Mafinga
979,Bale,Mucklestone,bmucklestoner6@ca.gov,Male,Mozdok
980,Marice,Cossam,mcossamr7@indiegogo.com,Female,Tieremu
981,Devi,Luno,dlunor8@hud.gov,Female,Povedniki
982,Coral,Hailes,chailesr9@wordpress.com,Female,Shuanglong
983,Fayre,Venton,fventonra@list-manage.com,Female,Futian
984,Ernest,Orgee,eorgeerb@nhs.uk,Male,Merik
985,Constancy,Diaper,cdiaperrc@cornell.edu,Female,Orlovka
986,Jackie,Penvarne,jpenvarnerd@exblog.jp,Male,Maasin
987,Jasper,Shakeshaft,jshakeshaftre@opensource.org,Male,Port Elizabeth
988,Maximilianus,Leek,mleekrf@people.com.cn,Male,Jaunpils
989,Ellary,Cull,ecullrg@cnet.com,Male,Cikuda
990,Derk,Eaddy,deaddyrh@linkedin.com,Male,Engenheiro Beltrão
991,Jobina,Gonning,jgonningri@cdbaby.com,Female,Cabano
992,Garvin,Adamkiewicz,gadamkiewiczrj@ucoz.com,Male,Périgueux
993,Kingsley,Rosencwaig,krosencwaigrk@wix.com,Male,Tomado
994,Tiphani,Gambell,tgambellrl@163.com,Female,Balneário Camboriú
995,Druci,Myrick,dmyrickrm@jigsy.com,Genderfluid,Mamedkala
996,Zebulon,Hackly,zhacklyrn@photobucket.com,Male,Mulanje
997,Tadeo,Stilliard,tstilliardro@unesco.org,Genderqueer,Qaryūt
998,August,Hallex,ahallexrp@ameblo.jp,Male,Gandusari
999,Ade,Stonham,astonhamrq@msu.edu,Male,Nakło nad Notecią
1000,Waylin,Swansbury,wswansburyrr@netvibes.com,Male,Jinshi
